Day,Date,Pillar,Format,Platforms,Hook,Brief,Visual,Caption_Draft,Status
1,,Teach,Carousel,"Instagram,Facebook,LinkedIn",,,,,todo
2,,Show,Short video,"TikTok,Instagram,Facebook",,,,,todo
3,,Prove,Single image,"Instagram,Facebook",,,,,todo
4,,Human,Text post,"LinkedIn,Threads,X",,,,,todo
5,,Teach,Short video,"TikTok,Instagram,YouTube",,,,,todo
6,,Show,Single image,"Instagram,Facebook",,,,,todo
7,,Sell,Single image,"Instagram,Facebook",,,,,todo
8,,Teach,Carousel,"Instagram,LinkedIn,Pinterest",,,,,todo
9,,Show,Stories,"Instagram,Facebook",,,,,todo
10,,Human,Short video,"TikTok,Instagram",,,,,todo
11,,Teach,Text post,"LinkedIn,Threads,X",,,,,todo
12,,Prove,Carousel,"Instagram,Facebook",,,,,todo
13,,Show,Short video,"TikTok,Instagram,Facebook",,,,,todo
14,,Sell,Single image,"Instagram,Facebook,Threads",,,,,todo
15,,Teach,Blog post,"Website,Pinterest,LinkedIn",,,,,todo
16,,Human,Single image,"Instagram,Facebook",,,,,todo
17,,Show,Short video,"TikTok,Instagram,YouTube",,,,,todo
18,,Teach,Carousel,"Instagram,Facebook",,,,,todo
19,,Prove,Short video,"TikTok,Instagram,Facebook",,,,,todo
20,,Human,Text post,"LinkedIn,Threads,X",,,,,todo
21,,Sell,Short video,"TikTok,Instagram,Facebook",,,,,todo
22,,Teach,Single image,"Instagram,Pinterest",,,,,todo
23,,Show,Carousel,"Instagram,Facebook",,,,,todo
24,,Prove,Text post,"LinkedIn,X",,,,,todo
25,,Teach,Short video,"TikTok,Instagram,YouTube",,,,,todo
26,,Human,Stories,"Instagram,Facebook",,,,,todo
27,,Show,Single image,"Instagram,Facebook",,,,,todo
28,,Sell,Carousel,"Instagram,Facebook,LinkedIn",,,,,todo
29,,Teach,Text post,"Threads,X,LinkedIn",,,,,todo
30,,Human,Short video,"TikTok,Instagram,Facebook",,,,,todo
